Package,Version,kind,href
BoolNet,2.1.9,musl,https://raw.githubusercontent.com/bastistician/Rcheck/refs/heads/results/musl/issues/BoolNet.out
GENLIB,1.1.10,musl,https://raw.githubusercontent.com/bastistician/Rcheck/refs/heads/results/musl/issues/GENLIB.out
RAS,1.0.3,musl,https://raw.githubusercontent.com/bastistician/Rcheck/refs/heads/results/musl/issues/RAS.out
RITCH,0.1.30,musl,https://raw.githubusercontent.com/bastistician/Rcheck/refs/heads/results/musl/issues/RITCH.out
enerscape,1.2.0,musl,https://raw.githubusercontent.com/bastistician/Rcheck/refs/heads/results/musl/issues/enerscape.out
impARI,0.0.3,musl,https://raw.githubusercontent.com/bastistician/Rcheck/refs/heads/results/musl/issues/impARI.out
openfhe.R,1.5.1.1,musl,https://raw.githubusercontent.com/bastistician/Rcheck/refs/heads/results/musl/issues/openfhe.R.out
otelsdk,0.2.4,musl,https://raw.githubusercontent.com/bastistician/Rcheck/refs/heads/results/musl/issues/otelsdk.out
repo.data,0.2.2,musl,https://raw.githubusercontent.com/bastistician/Rcheck/refs/heads/results/musl/issues/repo.data.out
rvtk,0.1.3,musl,https://raw.githubusercontent.com/bastistician/Rcheck/refs/heads/results/musl/issues/rvtk.out
sarsop,0.6.16,musl,https://raw.githubusercontent.com/bastistician/Rcheck/refs/heads/results/musl/issues/sarsop.out
tiledb,0.33.0,musl,https://raw.githubusercontent.com/bastistician/Rcheck/refs/heads/results/musl/issues/tiledb.out
